{
	"groups": [
		{
			"keys": "bg_jpg,egret_icon_png,description_json,game,cfgs",
			"name": "preload"
		}
	],
	"resources": [
		{
			"url": "assets/bg.jpg",
			"type": "image",
			"name": "bg_jpg"
		},
		{
			"url": "assets/egret_icon.png",
			"type": "image",
			"name": "egret_icon_png"
		},
		{
			"url": "config/description.json",
			"type": "json",
			"name": "description_json"
		},
		{
			"url": "game.json",
			"type": "json",
			"name": "game"
		},
		{
			"url": "cfgs.json",
			"type": "json",
			"name": "cfgs"
		}
	]
}